DATAFLOW,LAST UPDATE,FREQ,INDICATOR,TRN,AGG,UNIT,REF,GEO,TIME_PERIOD,OBS_VALUE,vide
ECFIN:FDMS_OVGDP(1.0),03/06/26 10:02:29,Annual,Potential gross domestic product at 2015 market prices,Annual percentage changes (and moving geometric mean for time periods),Standard aggregations (data converted to a common currency and summed),"Original units (e.g. national currency, persons, etc.)",Comparison is not available or not meaningful,Euro Area,2002,1.97781025936365,
ECFIN:FDMS_OVGDP(1.0),03/06/26 10:02:29,Annual,Potential gross domestic product at 2015 market prices,Annual percentage changes (and moving geometric mean for time periods),Standard aggregations (data converted to a common currency and summed),"Original units (e.g. national currency, persons, etc.)",Comparison is not available or not meaningful,Euro Area,2003,1.92409340519826,
ECFIN:FDMS_OVGDP(1.0),03/06/26 10:02:29,Annual,Potential gross domestic product at 2015 market prices,Annual percentage changes (and moving geometric mean for time periods),Standard aggregations (data converted to a common currency and summed),"Original units (e.g. national currency, persons, etc.)",Comparison is not available or not meaningful,Euro Area,2004,1.91453083529942,
ECFIN:FDMS_OVGDP(1.0),03/06/26 10:02:29,Annual,Potential gross domestic product at 2015 market prices,Annual percentage changes (and moving geometric mean for time periods),Standard aggregations (data converted to a common currency and summed),"Original units (e.g. national currency, persons, etc.)",Comparison is not available or not meaningful,Euro Area,2005,1.80258927650958,
ECFIN:FDMS_OVGDP(1.0),03/06/26 10:02:29,Annual,Potential gross domestic product at 2015 market prices,Annual percentage changes (and moving geometric mean for time periods),Standard aggregations (data converted to a common currency and summed),"Original units (e.g. national currency, persons, etc.)",Comparison is not available or not meaningful,Euro Area,2006,1.85824498396039,
ECFIN:FDMS_OVGDP(1.0),03/06/26 10:02:29,Annual,Potential gross domestic product at 2015 market prices,Annual percentage changes (and moving geometric mean for time periods),Standard aggregations (data converted to a common currency and summed),"Original units (e.g. national currency, persons, etc.)",Comparison is not available or not meaningful,Euro Area,2007,1.87198620098812,
ECFIN:FDMS_OVGDP(1.0),03/06/26 10:02:29,Annual,Potential gross domestic product at 2015 market prices,Annual percentage changes (and moving geometric mean for time periods),Standard aggregations (data converted to a common currency and summed),"Original units (e.g. national currency, persons, etc.)",Comparison is not available or not meaningful,Euro Area,2008,1.51663185566846,
ECFIN:FDMS_OVGDP(1.0),03/06/26 10:02:29,Annual,Potential gross domestic product at 2015 market prices,Annual percentage changes (and moving geometric mean for time periods),Standard aggregations (data converted to a common currency and summed),"Original units (e.g. national currency, persons, etc.)",Comparison is not available or not meaningful,Euro Area,2009,0.760739821285394,
ECFIN:FDMS_OVGDP(1.0),03/06/26 10:02:29,Annual,Potential gross domestic product at 2015 market prices,Annual percentage changes (and moving geometric mean for time periods),Standard aggregations (data converted to a common currency and summed),"Original units (e.g. national currency, persons, etc.)",Comparison is not available or not meaningful,Euro Area,2010,0.647380535500686,
ECFIN:FDMS_OVGDP(1.0),03/06/26 10:02:29,Annual,Potential gross domestic product at 2015 market prices,Annual percentage changes (and moving geometric mean for time periods),Standard aggregations (data converted to a common currency and summed),"Original units (e.g. national currency, persons, etc.)",Comparison is not available or not meaningful,Euro Area,2011,0.738095448790044,
ECFIN:FDMS_OVGDP(1.0),03/06/26 10:02:29,Annual,Potential gross domestic product at 2015 market prices,Annual percentage changes (and moving geometric mean for time periods),Standard aggregations (data converted to a common currency and summed),"Original units (e.g. national currency, persons, etc.)",Comparison is not available or not meaningful,Euro Area,2012,0.597472092811802,
ECFIN:FDMS_OVGDP(1.0),03/06/26 10:02:29,Annual,Potential gross domestic product at 2015 market prices,Annual percentage changes (and moving geometric mean for time periods),Standard aggregations (data converted to a common currency and summed),"Original units (e.g. national currency, persons, etc.)",Comparison is not available or not meaningful,Euro Area,2013,0.606319159110269,
ECFIN:FDMS_OVGDP(1.0),03/06/26 10:02:29,Annual,Potential gross domestic product at 2015 market prices,Annual percentage changes (and moving geometric mean for time periods),Standard aggregations (data converted to a common currency and summed),"Original units (e.g. national currency, persons, etc.)",Comparison is not available or not meaningful,Euro Area,2014,0.764186639997799,
ECFIN:FDMS_OVGDP(1.0),03/06/26 10:02:29,Annual,Potential gross domestic product at 2015 market prices,Annual percentage changes (and moving geometric mean for time periods),Standard aggregations (data converted to a common currency and summed),"Original units (e.g. national currency, persons, etc.)",Comparison is not available or not meaningful,Euro Area,2015,1.32968237147013,
ECFIN:FDMS_OVGDP(1.0),03/06/26 10:02:29,Annual,Potential gross domestic product at 2015 market prices,Annual percentage changes (and moving geometric mean for time periods),Standard aggregations (data converted to a common currency and summed),"Original units (e.g. national currency, persons, etc.)",Comparison is not available or not meaningful,Euro Area,2016,0.991656151323594,
ECFIN:FDMS_OVGDP(1.0),03/06/26 10:02:29,Annual,Potential gross domestic product at 2015 market prices,Annual percentage changes (and moving geometric mean for time periods),Standard aggregations (data converted to a common currency and summed),"Original units (e.g. national currency, persons, etc.)",Comparison is not available or not meaningful,Euro Area,2017,1.23488420442726,
ECFIN:FDMS_OVGDP(1.0),03/06/26 10:02:29,Annual,Potential gross domestic product at 2015 market prices,Annual percentage changes (and moving geometric mean for time periods),Standard aggregations (data converted to a common currency and summed),"Original units (e.g. national currency, persons, etc.)",Comparison is not available or not meaningful,Euro Area,2018,1.33815597739901,
ECFIN:FDMS_OVGDP(1.0),03/06/26 10:02:29,Annual,Potential gross domestic product at 2015 market prices,Annual percentage changes (and moving geometric mean for time periods),Standard aggregations (data converted to a common currency and summed),"Original units (e.g. national currency, persons, etc.)",Comparison is not available or not meaningful,Euro Area,2019,1.34351042253782,
ECFIN:FDMS_OVGDP(1.0),03/06/26 10:02:29,Annual,Potential gross domestic product at 2015 market prices,Annual percentage changes (and moving geometric mean for time periods),Standard aggregations (data converted to a common currency and summed),"Original units (e.g. national currency, persons, etc.)",Comparison is not available or not meaningful,Euro Area,2020,0.99916388592487,
ECFIN:FDMS_OVGDP(1.0),03/06/26 10:02:29,Annual,Potential gross domestic product at 2015 market prices,Annual percentage changes (and moving geometric mean for time periods),Standard aggregations (data converted to a common currency and summed),"Original units (e.g. national currency, persons, etc.)",Comparison is not available or not meaningful,Euro Area,2021,1.09306155747573,
ECFIN:FDMS_OVGDP(1.0),03/06/26 10:02:29,Annual,Potential gross domestic product at 2015 market prices,Annual percentage changes (and moving geometric mean for time periods),Standard aggregations (data converted to a common currency and summed),"Original units (e.g. national currency, persons, etc.)",Comparison is not available or not meaningful,Euro Area,2022,1.41132278753087,
ECFIN:FDMS_OVGDP(1.0),03/06/26 10:02:29,Annual,Potential gross domestic product at 2015 market prices,Annual percentage changes (and moving geometric mean for time periods),Standard aggregations (data converted to a common currency and summed),"Original units (e.g. national currency, persons, etc.)",Comparison is not available or not meaningful,Euro Area,2023,1.46684942579092,
ECFIN:FDMS_OVGDP(1.0),03/06/26 10:02:29,Annual,Potential gross domestic product at 2015 market prices,Annual percentage changes (and moving geometric mean for time periods),Standard aggregations (data converted to a common currency and summed),"Original units (e.g. national currency, persons, etc.)",Comparison is not available or not meaningful,Euro Area,2024,1.35749996560524,
ECFIN:FDMS_OVGDP(1.0),03/06/26 10:02:29,Annual,Potential gross domestic product at 2015 market prices,Annual percentage changes (and moving geometric mean for time periods),Standard aggregations (data converted to a common currency and summed),"Original units (e.g. national currency, persons, etc.)",Comparison is not available or not meaningful,Euro Area,2025,1.26913562652788,
ECFIN:FDMS_OVGDP(1.0),03/06/26 10:02:29,Annual,Potential gross domestic product at 2015 market prices,Annual percentage changes (and moving geometric mean for time periods),Standard aggregations (data converted to a common currency and summed),"Original units (e.g. national currency, persons, etc.)",Comparison is not available or not meaningful,Euro Area,2026,1.20116766486258,
ECFIN:FDMS_OVGDP(1.0),03/06/26 10:02:29,Annual,Potential gross domestic product at 2015 market prices,Annual percentage changes (and moving geometric mean for time periods),Standard aggregations (data converted to a common currency and summed),"Original units (e.g. national currency, persons, etc.)",Comparison is not available or not meaningful,Euro Area,2027,1.16028748611474,
ECFIN:FDMS_OVGDP(1.0),03/06/26 10:02:29,Annual,Potential gross domestic product at 2015 market prices,Annual percentage changes (and moving geometric mean for time periods),Standard aggregations (data converted to a common currency and summed),"Original units (e.g. national currency, persons, etc.)",Comparison is not available or not meaningful,Euro Area,2028,1.1342257949819,
ECFIN:FDMS_OVGDP(1.0),03/06/26 10:02:29,Annual,Potential gross domestic product at 2015 market prices,Annual percentage changes (and moving geometric mean for time periods),Standard aggregations (data converted to a common currency and summed),"Original units (e.g. national currency, persons, etc.)",Comparison is not available or not meaningful,Euro Area,2029,1.06464042163457,
ECFIN:FDMS_OVGDP(1.0),03/06/26 10:02:29,Annual,Potential gross domestic product at 2015 market prices,Annual percentage changes (and moving geometric mean for time periods),Standard aggregations (data converted to a common currency and summed),"Original units (e.g. national currency, persons, etc.)",Comparison is not available or not meaningful,Euro Area,2030,1.04244003085381,
